model,lake,y_true,y_pred
rf_baseline,Cranberry Lake,5.933333333333334,5.877867463997436
rf_baseline,Cranberry Lake,9.203333333333331,9.139836179758902
rf_baseline,Cranberry Lake,5.573333333333333,5.551580976677761
rf_baseline,Cranberry Lake,6.346666666666667,6.330166494627968
rf_baseline,Cranberry Lake,8.356666666666667,8.22896879604299
rf_baseline,Cranberry Lake,6.316666666666666,6.3349194807974225
rf_baseline,Cranberry Lake,9.58,9.751083060048742
rf_baseline,Cranberry Lake,4.8999999999999995,4.894264806552642
rf_baseline,Cranberry Lake,7.576666666666667,7.5524467973065335
rf_baseline,Cranberry Lake,9.053333333333333,9.075433914811793
rf_baseline,Cranberry Lake,5.98,6.067531609796222
rf_baseline,Cranberry Lake,9.675,9.752819696667148
rf_baseline,Cranberry Lake,11.79,11.867124523886483
rf_baseline,Cranberry Lake,11.746666666666664,11.750819683544496
rf_baseline,Cranberry Lake,14.27,14.230209543994729
rf_baseline,Cranberry Lake,16.776666666666667,16.7546794497573
rf_baseline,Cranberry Lake,22.51,22.59486125621662
rf_baseline,Cranberry Lake,16.974,17.022368943962345
rf_baseline,Cranberry Lake,8.483333333333334,8.523365446699716
rf_baseline,Cranberry Lake,10.733333333333334,10.625557453185062
rf_baseline,Cranberry Lake,4.95,4.920567219728587
rf_baseline,Cranberry Lake,16.29,16.50758172050264
rf_baseline,Cranberry Lake,3.46,3.48223531472999
rf_baseline,Cranberry Lake,4.829999999999999,4.762101574237234
rf_baseline,Cranberry Lake,5.033333333333333,4.9787416912475875
rf_baseline,Cranberry Lake,81.82000000000001,79.48227736370663
rf_baseline,Cranberry Lake,8.635,8.643232132461167
rf_baseline,Cranberry Lake,8.36,8.257533804673429
rf_baseline,Cranberry Lake,20.566666666666663,20.497638439759157
rf_baseline,Cranberry Lake,12.565,12.395652580516744
rf_baseline,Cranberry Lake,3.77,3.8530880942738603
rf_baseline,Cranberry Lake,5.919999999999999,5.8775796584472175
rf_baseline,Cranberry Lake,4.426666666666667,4.393368380942088
rf_baseline,Cranberry Lake,16.833333333333332,16.86921288559559
rf_baseline,Cranberry Lake,11.033333333333331,11.005649375313922
rf_baseline,Cranberry Lake,8.0,8.01135405530217
rf_baseline,Cranberry Lake,9.133333333333333,9.092304812395849
rf_baseline,Cranberry Lake,17.1,16.931897978155227
rf_baseline,Cranberry Lake,9.4,9.265700556563868
rf_baseline,Cranberry Lake,9.355,9.14321304907953
rf_baseline,Cranberry Lake,6.165,6.195538507058883
rf_baseline,Cranberry Lake,7.415,7.464693374415116
rf_baseline,Cranberry Lake,22.68,22.60457642568215
rf_baseline,Cranberry Lake,6.666666666666667,6.741750904646525
rf_baseline,Cranberry Lake,4.225,4.2918849984879675
rf_baseline,Cranberry Lake,2.05,2.1221915354257206
rf_baseline,Lake Hopatcong,7.058333333333334,7.1705813961310945
rf_baseline,Lake Hopatcong,8.183333333333334,8.254640407099961
rf_baseline,Lake Hopatcong,9.858333333333333,9.809118056001362
rf_baseline,Lake Hopatcong,8.366666666666667,8.334118310891206
rf_baseline,Lake Hopatcong,4.758333333333334,4.775935895994403
rf_baseline,Lake Hopatcong,6.9125,7.119454585107805
rf_baseline,Lake Hopatcong,9.75,9.749868108457244
rf_baseline,Lake Hopatcong,12.25,12.2843216081703
rf_baseline,Lake Hopatcong,11.1125,11.058121440684976
rf_baseline,Lake Hopatcong,9.95,9.86180846101125
rf_baseline,Lake Hopatcong,12.7,12.50343132269455
rf_baseline,Lake Hopatcong,8.775,8.73794913875614
rf_baseline,Lake Hopatcong,13.0125,12.955764045344248
rf_baseline,Lake Hopatcong,14.3625,14.247356831987341
rf_baseline,Lake Hopatcong,6.8,6.696972581596637
rf_baseline,Lake Hopatcong,21.0,20.652723410902066
rf_baseline,Lake Hopatcong,2.45,2.521924510469351
rf_baseline,Lake Hopatcong,1.4,1.38092064146535
rf_baseline,Lake Hopatcong,6.050000000000001,6.01535758370335
rf_baseline,Lake Hopatcong,6.1,6.1670544405343986
rf_baseline,Lake Hopatcong,7.1,7.112155295354347
rf_baseline,Lake Hopatcong,16.5,16.508625731104107
rf_baseline,Lake Hopatcong,26.0,26.29933560442568
rf_baseline,Lake Hopatcong,12.5,12.525900661006482
rf_baseline,Lake Hopatcong,14.0,13.969545722924554
rf_baseline,Lake Hopatcong,33.0,34.145071673067235
rf_baseline,Lake Hopatcong,15.5,15.508933977263482
rf_baseline,Lake Hopatcong,76.0,85.36153644412136
rf_baseline,Lake Hopatcong,15.0,14.90263439002888
rf_baseline,Lake Hopatcong,8.7,8.667343519732423
rf_baseline,Lake Hopatcong,11.5,11.670139484442931
rf_baseline,Lake Hopatcong,8.057142857142857,8.00412954612256
rf_baseline,Lake Hopatcong,9.114285714285714,9.127265108443844
rf_baseline,Lake Hopatcong,12.857142857142858,12.865262794117381
rf_baseline,Lake Hopatcong,15.571428571428571,15.515461191323514
rf_baseline,Greenwood Lake,5.375,5.403593309193149
rf_baseline,Greenwood Lake,4.9350000000000005,4.969716030624782
rf_baseline,Greenwood Lake,11.13,11.048961009191698
rf_baseline,Greenwood Lake,24.56,24.335359397028746
rf_baseline,Greenwood Lake,3.1900000000000004,3.114701664778966
rf_baseline,Greenwood Lake,4.025,3.8630324439210773
rf_baseline,Greenwood Lake,22.545,22.582902184077366
rf_baseline,Greenwood Lake,3.55,3.4282770217048197
rf_baseline,Greenwood Lake,3.845,3.7567802832112265
rf_baseline,Greenwood Lake,5.465,5.441706612150598
rf_baseline,Greenwood Lake,7.125,7.099712562500513
rf_baseline,Greenwood Lake,6.220000000000001,6.221360600275157
rf_baseline,Greenwood Lake,18.535,18.366747636808896
rf_baseline,Greenwood Lake,3.915,3.8456582806808424
rf_baseline,Greenwood Lake,2.74,2.7684361702401685
rf_baseline,Greenwood Lake,4.795,4.792245598034913
rf_baseline,Greenwood Lake,3.770000000000001,3.788591607695656
rf_baseline,Greenwood Lake,12.955,12.888672186204687
rf_baseline,Greenwood Lake,4.949999999999999,4.94924353540577
rf_baseline,Greenwood Lake,26.7,26.4541711404481
rf_baseline,Greenwood Lake,5.5,5.4824835672437455
rf_baseline,Greenwood Lake,35.7,35.39107727408956
rf_baseline,Greenwood Lake,54.9,50.84722160641894
rf_baseline,Greenwood Lake,23.450000000000003,23.52434929189899
rf_baseline,Greenwood Lake,29.6,29.74159645335517
rf_baseline,Greenwood Lake,24.3,24.20528783600243
rf_baseline,Greenwood Lake,7.2,7.18389352759845
rf_baseline,Greenwood Lake,30.2,30.590128207581856
rf_baseline,Greenwood Lake,17.59,17.59490639874132
rf_baseline,Greenwood Lake,15.81,15.867919836357597
rf_baseline,Greenwood Lake,15.14,15.19979159544156
rf_baseline,Lake Musconetcong,4.8,4.794922888826152
rf_baseline,Lake Musconetcong,5.840000000000001,5.744215723025721
rf_baseline,Lake Musconetcong,9.8,9.72407473328642
rf_baseline,Lake Musconetcong,10.68,10.790607945886801
rf_baseline,Lake Musconetcong,3.4800000000000004,3.4781305742798057
rf_baseline,Lake Musconetcong,5.85,5.849056765958658
rf_baseline,Lake Musconetcong,6.65,6.702356888745714
rf_baseline,Lake Musconetcong,4.25,4.317659761395357
rf_baseline,Lake Musconetcong,10.55,10.52821726936868
rf_baseline,Lake Musconetcong,5.59,5.539450353817456
rf_baseline,Lake Musconetcong,8.899999999999999,8.990564044403438
rf_baseline,Lake Musconetcong,5.5,5.468269059963193
rf_baseline,Lake Musconetcong,16.52,16.48337682586413
rf_baseline,Lake Musconetcong,11.0,11.05798267999184
rf_baseline,Lake Musconetcong,12.5,12.506793190126894
rf_baseline,Lake Musconetcong,13.435,13.000983372481306
rf_baseline,Lake Musconetcong,4.3,4.364937411988139
rf_baseline,Lake Musconetcong,9.125,9.119668544774719
rf_baseline,Lake Musconetcong,20.005000000000003,19.723470498822333
rf_baseline,Lake Musconetcong,14.255,14.243077124386437
rf_baseline,Lake Musconetcong,9.2,9.12621300030046
rf_baseline,Lake Musconetcong,8.7,8.681075566885093
rf_baseline,Lake Musconetcong,10.5,10.511863997667362
rf_baseline,Lake Musconetcong,17.0,16.969300517804726
rf_baseline,Mirror Lake,5.02,4.992327905728445
rf_baseline,Mirror Lake,27.39,27.531830776602142
rf_baseline,Mirror Lake,13.99,14.023318546932915
rf_baseline,Mirror Lake,5.39,5.386496224779084
rf_baseline,Mirror Lake,10.293333333333331,10.461172709350475
rf_baseline,Mirror Lake,19.593333333333337,19.90934978984439
rf_baseline,Mirror Lake,18.69333333333333,18.271414467571827
rf_baseline,Mirror Lake,3.9,3.878910114184006
rf_baseline,Mirror Lake,2.9800000000000004,2.955257318665846
rf_baseline,Mirror Lake,2.9299999999999997,2.8736560149422705
rf_baseline,Mirror Lake,5.116666666666667,4.990535739345318
rf_baseline,Mirror Lake,26.453333333333333,26.508396360285136
rf_baseline,Mirror Lake,13.013333333333334,12.989414152939155
rf_baseline,Mirror Lake,35.23333333333333,35.30383638954303
rf_baseline,Mirror Lake,3.5233333333333334,3.546756117470481
rf_baseline,Mirror Lake,8.296666666666667,8.277680653580644
rf_baseline,Echo Lake,17.79,17.72440331712042
rf_baseline,Echo Lake,14.04,14.000450194698692
rf_baseline,Echo Lake,3.24,3.254314614271679
rf_baseline,Echo Lake,3.85,3.8680244494373723
rf_baseline,Echo Lake,5.44,5.4357416601823205
rf_baseline,Echo Lake,4.42,4.404521056309278
rf_baseline,Echo Lake,24.06,24.170447448007504
rf_baseline,Echo Lake,4.76,4.765003077296468
rf_baseline,Echo Lake,7.81,7.95440834316429
rf_baseline,Echo Lake,27.5,27.5393272428632
rf_baseline,Echo Lake,22.95,22.679355757465263
rf_baseline,Echo Lake,24.15,24.21879237749805
rf_baseline,Echo Lake,23.8,24.056072671303784
rf_baseline,Round Valley Reservoir,0.771,1.727002896365981
rf_baseline,Round Valley Reservoir,1.043,1.7292333437066458
rf_baseline,Round Valley Reservoir,1.061,1.727002896365981
rf_baseline,Round Valley Reservoir,2.2333333333333334,2.1551965035183223
rf_baseline,Round Valley Reservoir,0.97,1.727122490776037
rf_baseline,Round Valley Reservoir,1.64,1.7306252255635626
rf_baseline,Round Valley Reservoir,0.8800000000000001,1.7462541434313879
rf_baseline,Round Valley Reservoir,0.82,1.7292333437066458
rf_baseline,Round Valley Reservoir,1.08,1.7292333437066458
rf_baseline,Round Valley Reservoir,1.0,1.7385959333764716
rf_baseline,Round Valley Reservoir,2.03,2.0445084320429907
rf_baseline,Swartswood Lake,10.413333333333332,10.461500804421936
rf_baseline,Swartswood Lake,10.716666666666669,10.674336131758343
rf_baseline,Swartswood Lake,10.876666666666669,10.914493401398946
rf_baseline,Swartswood Lake,16.763333333333335,16.847837671434515
rf_baseline,Swartswood Lake,9.023,9.104797054775942
rf_baseline,Swartswood Lake,7.257,7.154120055217804
rf_baseline,Swartswood Lake,7.584999999999999,7.540334187466874
rf_baseline,Swartswood Lake,11.555,11.605308417767356
rf_baseline,Swartswood Lake,13.932999999999998,14.058699493566548
rf_baseline,Swartswood Lake,16.03,15.895486356241186
rf_baseline,Packanack Lake,5.77,5.796621587283289
rf_baseline,Packanack Lake,9.65,9.714331300278772
rf_baseline,Packanack Lake,28.0,27.490612356974285
rf_baseline,Packanack Lake,53.5,51.54227072891999
rf_baseline,Packanack Lake,95.8,81.82820057127228
rf_baseline,Packanack Lake,6.395,6.333802224137234
rf_baseline,Packanack Lake,1.985,2.100292339507862
rf_baseline,Packanack Lake,6.225,6.2092811825337
rf_baseline,Packanack Lake,10.875,10.889287913590543
rf_baseline,Wawayanda Lake,120.64,88.38787158590236
rf_baseline,Wawayanda Lake,12.23,12.342850658034598
rf_baseline,Wawayanda Lake,7.57,7.562418734360599
rf_baseline,Wawayanda Lake,6.3149999999999995,6.3105710235205095
rf_baseline,Wawayanda Lake,5.335,5.412601216349217
rf_baseline,Wawayanda Lake,4.795,4.794569801432254
rf_baseline,Wawayanda Lake,7.495,7.553685784572083
rf_baseline,Wawayanda Lake,8.01,8.019049247271562
rf_baseline,Furnace Lake,14.25,14.26697992855657
rf_baseline,Furnace Lake,9.865,9.883314403292387
rf_baseline,Furnace Lake,15.475,15.523356342160254
rf_baseline,Furnace Lake,8.575,8.621101553500095
rf_baseline,Furnace Lake,4.4,4.418759480112573
rf_baseline,Furnace Lake,18.005000000000003,17.93708480783618
rf_baseline,Union Lake,14.926666666666668,14.96541517519928
rf_baseline,Union Lake,11.9,11.794374473058715
rf_baseline,Union Lake,9.93,9.88380820815165
rf_baseline,Union Lake,10.703333333333331,10.692657659864109
rf_baseline,Union Lake,30.593333333333337,30.34432636565557
rf_baseline,Union Lake,4.7299999999999995,4.782175302650003
rf_baseline,Deal Lake,24.67,24.283405244854823
rf_baseline,Deal Lake,28.85,29.75925393436358
rf_baseline,Deal Lake,24.25,24.224405063407534
rf_baseline,Deal Lake,34.9,35.042152297574056
rf_baseline,Deal Lake,42.5,42.82639595574012
rf_baseline,Deal Lake,24.35,24.31593991630437
rf_baseline,Pompton Lake,12.415,12.502827656709806
rf_baseline,Pompton Lake,5.77,5.790845888552976
rf_baseline,Pompton Lake,2.9,2.9486941482107984
rf_baseline,Pompton Lake,17.45,17.623459972291364
rf_baseline,Pompton Lake,31.0,30.826741282748387
rf_baseline,Pompton Lake,21.950000000000003,22.613733605690715
rf_baseline,Budd Lake,16.933333333333334,16.95520499087589
rf_baseline,Budd Lake,25.9,26.11387597703024
rf_baseline,Budd Lake,41.46666666666666,43.819101093386955
rf_baseline,Budd Lake,29.53333333333333,29.76164236700627
rf_baseline,Budd Lake,24.08,24.144883078536193
rf_baseline,Cozy Lake,14.68,14.587021391917965
rf_baseline,Cozy Lake,7.566666666666666,7.569282429951527
rf_baseline,Cozy Lake,4.5,4.4146322758900896
rf_baseline,Cozy Lake,19.733333333333334,19.952403168097955
rf_baseline,Cozy Lake,26.049999999999997,26.28900013695326
rf_baseline,Carnegie Lake,22.85,22.78698002808786
rf_baseline,Carnegie Lake,49.8,53.506625569531934
rf_baseline,Carnegie Lake,97.925,87.35462006654743
rf_baseline,Carnegie Lake,47.175,43.936759388749046
rf_baseline,Carnegie Lake,18.0475,17.948487870601195
