timestamp_utc,relative_path,size_bytes,time_count,lat_count,lon_count
2026-07-04T00:00:00,data/raw/nldas/NLDAS_FORA0125_H.2.0/2026/185/NLDAS_FORA0125_H.A20260704.0000.020.nc,1987689,1,224,464
2026-07-04T01:00:00,data/raw/nldas/NLDAS_FORA0125_H.2.0/2026/185/NLDAS_FORA0125_H.A20260704.0100.020.nc,1954414,1,224,464
2026-07-04T02:00:00,data/raw/nldas/NLDAS_FORA0125_H.2.0/2026/185/NLDAS_FORA0125_H.A20260704.0200.020.nc,1881200,1,224,464
2026-07-04T03:00:00,data/raw/nldas/NLDAS_FORA0125_H.2.0/2026/185/NLDAS_FORA0125_H.A20260704.0300.020.nc,1805163,1,224,464
2026-07-04T04:00:00,data/raw/nldas/NLDAS_FORA0125_H.2.0/2026/185/NLDAS_FORA0125_H.A20260704.0400.020.nc,1755057,1,224,464
2026-07-04T05:00:00,data/raw/nldas/NLDAS_FORA0125_H.2.0/2026/185/NLDAS_FORA0125_H.A20260704.0500.020.nc,1740611,1,224,464
2026-07-04T06:00:00,data/raw/nldas/NLDAS_FORA0125_H.2.0/2026/185/NLDAS_FORA0125_H.A20260704.0600.020.nc,1724781,1,224,464
2026-07-04T07:00:00,data/raw/nldas/NLDAS_FORA0125_H.2.0/2026/185/NLDAS_FORA0125_H.A20260704.0700.020.nc,1718820,1,224,464
2026-07-04T08:00:00,data/raw/nldas/NLDAS_FORA0125_H.2.0/2026/185/NLDAS_FORA0125_H.A20260704.0800.020.nc,1718459,1,224,464
2026-07-04T09:00:00,data/raw/nldas/NLDAS_FORA0125_H.2.0/2026/185/NLDAS_FORA0125_H.A20260704.0900.020.nc,1719569,1,224,464
2026-07-04T10:00:00,data/raw/nldas/NLDAS_FORA0125_H.2.0/2026/185/NLDAS_FORA0125_H.A20260704.1000.020.nc,1754152,1,224,464
2026-07-04T11:00:00,data/raw/nldas/NLDAS_FORA0125_H.2.0/2026/185/NLDAS_FORA0125_H.A20260704.1100.020.nc,1813662,1,224,464
2026-07-04T12:00:00,data/raw/nldas/NLDAS_FORA0125_H.2.0/2026/185/NLDAS_FORA0125_H.A20260704.1200.020.nc,1865149,1,224,464
2026-07-04T13:00:00,data/raw/nldas/NLDAS_FORA0125_H.2.0/2026/185/NLDAS_FORA0125_H.A20260704.1300.020.nc,1909564,1,224,464
2026-07-04T14:00:00,data/raw/nldas/NLDAS_FORA0125_H.2.0/2026/185/NLDAS_FORA0125_H.A20260704.1400.020.nc,1904728,1,224,464
2026-07-04T15:00:00,data/raw/nldas/NLDAS_FORA0125_H.2.0/2026/185/NLDAS_FORA0125_H.A20260704.1500.020.nc,1900996,1,224,464
2026-07-04T16:00:00,data/raw/nldas/NLDAS_FORA0125_H.2.0/2026/185/NLDAS_FORA0125_H.A20260704.1600.020.nc,1892460,1,224,464
2026-07-04T17:00:00,data/raw/nldas/NLDAS_FORA0125_H.2.0/2026/185/NLDAS_FORA0125_H.A20260704.1700.020.nc,1899109,1,224,464
2026-07-04T18:00:00,data/raw/nldas/NLDAS_FORA0125_H.2.0/2026/185/NLDAS_FORA0125_H.A20260704.1800.020.nc,1910355,1,224,464
2026-07-04T19:00:00,data/raw/nldas/NLDAS_FORA0125_H.2.0/2026/185/NLDAS_FORA0125_H.A20260704.1900.020.nc,1924352,1,224,464
2026-07-04T20:00:00,data/raw/nldas/NLDAS_FORA0125_H.2.0/2026/185/NLDAS_FORA0125_H.A20260704.2000.020.nc,1935285,1,224,464
2026-07-04T21:00:00,data/raw/nldas/NLDAS_FORA0125_H.2.0/2026/185/NLDAS_FORA0125_H.A20260704.2100.020.nc,1941823,1,224,464
2026-07-04T22:00:00,data/raw/nldas/NLDAS_FORA0125_H.2.0/2026/185/NLDAS_FORA0125_H.A20260704.2200.020.nc,1953869,1,224,464
2026-07-04T23:00:00,data/raw/nldas/NLDAS_FORA0125_H.2.0/2026/185/NLDAS_FORA0125_H.A20260704.2300.020.nc,1956408,1,224,464
2026-07-05T00:00:00,data/raw/nldas/NLDAS_FORA0125_H.2.0/2026/186/NLDAS_FORA0125_H.A20260705.0000.020.nc,1952330,1,224,464
2026-07-05T01:00:00,data/raw/nldas/NLDAS_FORA0125_H.2.0/2026/186/NLDAS_FORA0125_H.A20260705.0100.020.nc,1925630,1,224,464
2026-07-05T02:00:00,data/raw/nldas/NLDAS_FORA0125_H.2.0/2026/186/NLDAS_FORA0125_H.A20260705.0200.020.nc,1850628,1,224,464
2026-07-05T03:00:00,data/raw/nldas/NLDAS_FORA0125_H.2.0/2026/186/NLDAS_FORA0125_H.A20260705.0300.020.nc,1772772,1,224,464
2026-07-05T04:00:00,data/raw/nldas/NLDAS_FORA0125_H.2.0/2026/186/NLDAS_FORA0125_H.A20260705.0400.020.nc,1724844,1,224,464
2026-07-05T05:00:00,data/raw/nldas/NLDAS_FORA0125_H.2.0/2026/186/NLDAS_FORA0125_H.A20260705.0500.020.nc,1707947,1,224,464
2026-07-05T06:00:00,data/raw/nldas/NLDAS_FORA0125_H.2.0/2026/186/NLDAS_FORA0125_H.A20260705.0600.020.nc,1687511,1,224,464
2026-07-05T07:00:00,data/raw/nldas/NLDAS_FORA0125_H.2.0/2026/186/NLDAS_FORA0125_H.A20260705.0700.020.nc,1685424,1,224,464
2026-07-05T08:00:00,data/raw/nldas/NLDAS_FORA0125_H.2.0/2026/186/NLDAS_FORA0125_H.A20260705.0800.020.nc,1684551,1,224,464
2026-07-05T09:00:00,data/raw/nldas/NLDAS_FORA0125_H.2.0/2026/186/NLDAS_FORA0125_H.A20260705.0900.020.nc,1682000,1,224,464
2026-07-05T10:00:00,data/raw/nldas/NLDAS_FORA0125_H.2.0/2026/186/NLDAS_FORA0125_H.A20260705.1000.020.nc,1718669,1,224,464
2026-07-05T11:00:00,data/raw/nldas/NLDAS_FORA0125_H.2.0/2026/186/NLDAS_FORA0125_H.A20260705.1100.020.nc,1778665,1,224,464
2026-07-05T12:00:00,data/raw/nldas/NLDAS_FORA0125_H.2.0/2026/186/NLDAS_FORA0125_H.A20260705.1200.020.nc,1830817,1,224,464
2026-07-05T13:00:00,data/raw/nldas/NLDAS_FORA0125_H.2.0/2026/186/NLDAS_FORA0125_H.A20260705.1300.020.nc,1883826,1,224,464
2026-07-05T14:00:00,data/raw/nldas/NLDAS_FORA0125_H.2.0/2026/186/NLDAS_FORA0125_H.A20260705.1400.020.nc,1881802,1,224,464
2026-07-05T15:00:00,data/raw/nldas/NLDAS_FORA0125_H.2.0/2026/186/NLDAS_FORA0125_H.A20260705.1500.020.nc,1882533,1,224,464
2026-07-05T16:00:00,data/raw/nldas/NLDAS_FORA0125_H.2.0/2026/186/NLDAS_FORA0125_H.A20260705.1600.020.nc,1890286,1,224,464
2026-07-05T17:00:00,data/raw/nldas/NLDAS_FORA0125_H.2.0/2026/186/NLDAS_FORA0125_H.A20260705.1700.020.nc,1899655,1,224,464
2026-07-05T18:00:00,data/raw/nldas/NLDAS_FORA0125_H.2.0/2026/186/NLDAS_FORA0125_H.A20260705.1800.020.nc,1909672,1,224,464
2026-07-05T19:00:00,data/raw/nldas/NLDAS_FORA0125_H.2.0/2026/186/NLDAS_FORA0125_H.A20260705.1900.020.nc,1927725,1,224,464
2026-07-05T20:00:00,data/raw/nldas/NLDAS_FORA0125_H.2.0/2026/186/NLDAS_FORA0125_H.A20260705.2000.020.nc,1940015,1,224,464
2026-07-05T21:00:00,data/raw/nldas/NLDAS_FORA0125_H.2.0/2026/186/NLDAS_FORA0125_H.A20260705.2100.020.nc,1946233,1,224,464
2026-07-05T22:00:00,data/raw/nldas/NLDAS_FORA0125_H.2.0/2026/186/NLDAS_FORA0125_H.A20260705.2200.020.nc,1968888,1,224,464
2026-07-05T23:00:00,data/raw/nldas/NLDAS_FORA0125_H.2.0/2026/186/NLDAS_FORA0125_H.A20260705.2300.020.nc,1972717,1,224,464
2026-07-06T00:00:00,data/raw/nldas/NLDAS_FORA0125_H.2.0/2026/187/NLDAS_FORA0125_H.A20260706.0000.020.nc,1968777,1,224,464
2026-07-06T01:00:00,data/raw/nldas/NLDAS_FORA0125_H.2.0/2026/187/NLDAS_FORA0125_H.A20260706.0100.020.nc,1943601,1,224,464
2026-07-06T02:00:00,data/raw/nldas/NLDAS_FORA0125_H.2.0/2026/187/NLDAS_FORA0125_H.A20260706.0200.020.nc,1866176,1,224,464
2026-07-06T03:00:00,data/raw/nldas/NLDAS_FORA0125_H.2.0/2026/187/NLDAS_FORA0125_H.A20260706.0300.020.nc,1781284,1,224,464
2026-07-06T04:00:00,data/raw/nldas/NLDAS_FORA0125_H.2.0/2026/187/NLDAS_FORA0125_H.A20260706.0400.020.nc,1730028,1,224,464
2026-07-06T05:00:00,data/raw/nldas/NLDAS_FORA0125_H.2.0/2026/187/NLDAS_FORA0125_H.A20260706.0500.020.nc,1715438,1,224,464
2026-07-06T06:00:00,data/raw/nldas/NLDAS_FORA0125_H.2.0/2026/187/NLDAS_FORA0125_H.A20260706.0600.020.nc,1696992,1,224,464
2026-07-06T07:00:00,data/raw/nldas/NLDAS_FORA0125_H.2.0/2026/187/NLDAS_FORA0125_H.A20260706.0700.020.nc,1689277,1,224,464
2026-07-06T08:00:00,data/raw/nldas/NLDAS_FORA0125_H.2.0/2026/187/NLDAS_FORA0125_H.A20260706.0800.020.nc,1688131,1,224,464
2026-07-06T09:00:00,data/raw/nldas/NLDAS_FORA0125_H.2.0/2026/187/NLDAS_FORA0125_H.A20260706.0900.020.nc,1688276,1,224,464
2026-07-06T10:00:00,data/raw/nldas/NLDAS_FORA0125_H.2.0/2026/187/NLDAS_FORA0125_H.A20260706.1000.020.nc,1732449,1,224,464
2026-07-06T11:00:00,data/raw/nldas/NLDAS_FORA0125_H.2.0/2026/187/NLDAS_FORA0125_H.A20260706.1100.020.nc,1792284,1,224,464
2026-07-06T12:00:00,data/raw/nldas/NLDAS_FORA0125_H.2.0/2026/187/NLDAS_FORA0125_H.A20260706.1200.020.nc,1848391,1,224,464
2026-07-06T13:00:00,data/raw/nldas/NLDAS_FORA0125_H.2.0/2026/187/NLDAS_FORA0125_H.A20260706.1300.020.nc,1906878,1,224,464
2026-07-06T14:00:00,data/raw/nldas/NLDAS_FORA0125_H.2.0/2026/187/NLDAS_FORA0125_H.A20260706.1400.020.nc,1902420,1,224,464
2026-07-06T15:00:00,data/raw/nldas/NLDAS_FORA0125_H.2.0/2026/187/NLDAS_FORA0125_H.A20260706.1500.020.nc,1901977,1,224,464
2026-07-06T16:00:00,data/raw/nldas/NLDAS_FORA0125_H.2.0/2026/187/NLDAS_FORA0125_H.A20260706.1600.020.nc,1902817,1,224,464
2026-07-06T17:00:00,data/raw/nldas/NLDAS_FORA0125_H.2.0/2026/187/NLDAS_FORA0125_H.A20260706.1700.020.nc,1910198,1,224,464
2026-07-06T18:00:00,data/raw/nldas/NLDAS_FORA0125_H.2.0/2026/187/NLDAS_FORA0125_H.A20260706.1800.020.nc,1923173,1,224,464
2026-07-06T19:00:00,data/raw/nldas/NLDAS_FORA0125_H.2.0/2026/187/NLDAS_FORA0125_H.A20260706.1900.020.nc,1952894,1,224,464
2026-07-06T20:00:00,data/raw/nldas/NLDAS_FORA0125_H.2.0/2026/187/NLDAS_FORA0125_H.A20260706.2000.020.nc,1966325,1,224,464
2026-07-06T21:00:00,data/raw/nldas/NLDAS_FORA0125_H.2.0/2026/187/NLDAS_FORA0125_H.A20260706.2100.020.nc,1980395,1,224,464
2026-07-06T22:00:00,data/raw/nldas/NLDAS_FORA0125_H.2.0/2026/187/NLDAS_FORA0125_H.A20260706.2200.020.nc,1995821,1,224,464
2026-07-06T23:00:00,data/raw/nldas/NLDAS_FORA0125_H.2.0/2026/187/NLDAS_FORA0125_H.A20260706.2300.020.nc,1997806,1,224,464
2026-07-07T00:00:00,data/raw/nldas/NLDAS_FORA0125_H.2.0/2026/188/NLDAS_FORA0125_H.A20260707.0000.020.nc,1991218,1,224,464
2026-07-07T01:00:00,data/raw/nldas/NLDAS_FORA0125_H.2.0/2026/188/NLDAS_FORA0125_H.A20260707.0100.020.nc,1957954,1,224,464
2026-07-07T02:00:00,data/raw/nldas/NLDAS_FORA0125_H.2.0/2026/188/NLDAS_FORA0125_H.A20260707.0200.020.nc,1881466,1,224,464
2026-07-07T03:00:00,data/raw/nldas/NLDAS_FORA0125_H.2.0/2026/188/NLDAS_FORA0125_H.A20260707.0300.020.nc,1796980,1,224,464
2026-07-07T04:00:00,data/raw/nldas/NLDAS_FORA0125_H.2.0/2026/188/NLDAS_FORA0125_H.A20260707.0400.020.nc,1753238,1,224,464
2026-07-07T05:00:00,data/raw/nldas/NLDAS_FORA0125_H.2.0/2026/188/NLDAS_FORA0125_H.A20260707.0500.020.nc,1740678,1,224,464
2026-07-07T06:00:00,data/raw/nldas/NLDAS_FORA0125_H.2.0/2026/188/NLDAS_FORA0125_H.A20260707.0600.020.nc,1722011,1,224,464
2026-07-07T07:00:00,data/raw/nldas/NLDAS_FORA0125_H.2.0/2026/188/NLDAS_FORA0125_H.A20260707.0700.020.nc,1711123,1,224,464
2026-07-07T08:00:00,data/raw/nldas/NLDAS_FORA0125_H.2.0/2026/188/NLDAS_FORA0125_H.A20260707.0800.020.nc,1708716,1,224,464
2026-07-07T09:00:00,data/raw/nldas/NLDAS_FORA0125_H.2.0/2026/188/NLDAS_FORA0125_H.A20260707.0900.020.nc,1699478,1,224,464
2026-07-07T10:00:00,data/raw/nldas/NLDAS_FORA0125_H.2.0/2026/188/NLDAS_FORA0125_H.A20260707.1000.020.nc,1740202,1,224,464
2026-07-07T11:00:00,data/raw/nldas/NLDAS_FORA0125_H.2.0/2026/188/NLDAS_FORA0125_H.A20260707.1100.020.nc,1798743,1,224,464
2026-07-07T12:00:00,data/raw/nldas/NLDAS_FORA0125_H.2.0/2026/188/NLDAS_FORA0125_H.A20260707.1200.020.nc,1854382,1,224,464
2026-07-07T13:00:00,data/raw/nldas/NLDAS_FORA0125_H.2.0/2026/188/NLDAS_FORA0125_H.A20260707.1300.020.nc,1917078,1,224,464
2026-07-07T14:00:00,data/raw/nldas/NLDAS_FORA0125_H.2.0/2026/188/NLDAS_FORA0125_H.A20260707.1400.020.nc,1910187,1,224,464
2026-07-07T15:00:00,data/raw/nldas/NLDAS_FORA0125_H.2.0/2026/188/NLDAS_FORA0125_H.A20260707.1500.020.nc,1906507,1,224,464
2026-07-07T16:00:00,data/raw/nldas/NLDAS_FORA0125_H.2.0/2026/188/NLDAS_FORA0125_H.A20260707.1600.020.nc,1918041,1,224,464
2026-07-07T17:00:00,data/raw/nldas/NLDAS_FORA0125_H.2.0/2026/188/NLDAS_FORA0125_H.A20260707.1700.020.nc,1928005,1,224,464
2026-07-07T18:00:00,data/raw/nldas/NLDAS_FORA0125_H.2.0/2026/188/NLDAS_FORA0125_H.A20260707.1800.020.nc,1941606,1,224,464
2026-07-07T19:00:00,data/raw/nldas/NLDAS_FORA0125_H.2.0/2026/188/NLDAS_FORA0125_H.A20260707.1900.020.nc,1964463,1,224,464
2026-07-07T20:00:00,data/raw/nldas/NLDAS_FORA0125_H.2.0/2026/188/NLDAS_FORA0125_H.A20260707.2000.020.nc,1975120,1,224,464
2026-07-07T21:00:00,data/raw/nldas/NLDAS_FORA0125_H.2.0/2026/188/NLDAS_FORA0125_H.A20260707.2100.020.nc,1983333,1,224,464
2026-07-07T22:00:00,data/raw/nldas/NLDAS_FORA0125_H.2.0/2026/188/NLDAS_FORA0125_H.A20260707.2200.020.nc,1998301,1,224,464
2026-07-07T23:00:00,data/raw/nldas/NLDAS_FORA0125_H.2.0/2026/188/NLDAS_FORA0125_H.A20260707.2300.020.nc,2000086,1,224,464
2026-07-08T00:00:00,data/raw/nldas/NLDAS_FORA0125_H.2.0/2026/189/NLDAS_FORA0125_H.A20260708.0000.020.nc,1995441,1,224,464
2026-07-08T01:00:00,data/raw/nldas/NLDAS_FORA0125_H.2.0/2026/189/NLDAS_FORA0125_H.A20260708.0100.020.nc,1969465,1,224,464
2026-07-08T02:00:00,data/raw/nldas/NLDAS_FORA0125_H.2.0/2026/189/NLDAS_FORA0125_H.A20260708.0200.020.nc,1891048,1,224,464
2026-07-08T03:00:00,data/raw/nldas/NLDAS_FORA0125_H.2.0/2026/189/NLDAS_FORA0125_H.A20260708.0300.020.nc,1808385,1,224,464
2026-07-08T04:00:00,data/raw/nldas/NLDAS_FORA0125_H.2.0/2026/189/NLDAS_FORA0125_H.A20260708.0400.020.nc,1763053,1,224,464
2026-07-08T05:00:00,data/raw/nldas/NLDAS_FORA0125_H.2.0/2026/189/NLDAS_FORA0125_H.A20260708.0500.020.nc,1747775,1,224,464
2026-07-08T06:00:00,data/raw/nldas/NLDAS_FORA0125_H.2.0/2026/189/NLDAS_FORA0125_H.A20260708.0600.020.nc,1730308,1,224,464
2026-07-08T07:00:00,data/raw/nldas/NLDAS_FORA0125_H.2.0/2026/189/NLDAS_FORA0125_H.A20260708.0700.020.nc,1722459,1,224,464
2026-07-08T08:00:00,data/raw/nldas/NLDAS_FORA0125_H.2.0/2026/189/NLDAS_FORA0125_H.A20260708.0800.020.nc,1721786,1,224,464
2026-07-08T09:00:00,data/raw/nldas/NLDAS_FORA0125_H.2.0/2026/189/NLDAS_FORA0125_H.A20260708.0900.020.nc,1720763,1,224,464
2026-07-08T10:00:00,data/raw/nldas/NLDAS_FORA0125_H.2.0/2026/189/NLDAS_FORA0125_H.A20260708.1000.020.nc,1766024,1,224,464
2026-07-08T11:00:00,data/raw/nldas/NLDAS_FORA0125_H.2.0/2026/189/NLDAS_FORA0125_H.A20260708.1100.020.nc,1826621,1,224,464
2026-07-08T12:00:00,data/raw/nldas/NLDAS_FORA0125_H.2.0/2026/189/NLDAS_FORA0125_H.A20260708.1200.020.nc,1883368,1,224,464
2026-07-08T13:00:00,data/raw/nldas/NLDAS_FORA0125_H.2.0/2026/189/NLDAS_FORA0125_H.A20260708.1300.020.nc,1951227,1,224,464
2026-07-08T14:00:00,data/raw/nldas/NLDAS_FORA0125_H.2.0/2026/189/NLDAS_FORA0125_H.A20260708.1400.020.nc,1946671,1,224,464
2026-07-08T15:00:00,data/raw/nldas/NLDAS_FORA0125_H.2.0/2026/189/NLDAS_FORA0125_H.A20260708.1500.020.nc,1944683,1,224,464
2026-07-08T16:00:00,data/raw/nldas/NLDAS_FORA0125_H.2.0/2026/189/NLDAS_FORA0125_H.A20260708.1600.020.nc,1945560,1,224,464
2026-07-08T17:00:00,data/raw/nldas/NLDAS_FORA0125_H.2.0/2026/189/NLDAS_FORA0125_H.A20260708.1700.020.nc,1950781,1,224,464
2026-07-08T18:00:00,data/raw/nldas/NLDAS_FORA0125_H.2.0/2026/189/NLDAS_FORA0125_H.A20260708.1800.020.nc,1958898,1,224,464
2026-07-08T19:00:00,data/raw/nldas/NLDAS_FORA0125_H.2.0/2026/189/NLDAS_FORA0125_H.A20260708.1900.020.nc,1973757,1,224,464
2026-07-08T20:00:00,data/raw/nldas/NLDAS_FORA0125_H.2.0/2026/189/NLDAS_FORA0125_H.A20260708.2000.020.nc,1984431,1,224,464
2026-07-08T21:00:00,data/raw/nldas/NLDAS_FORA0125_H.2.0/2026/189/NLDAS_FORA0125_H.A20260708.2100.020.nc,1996258,1,224,464
2026-07-08T22:00:00,data/raw/nldas/NLDAS_FORA0125_H.2.0/2026/189/NLDAS_FORA0125_H.A20260708.2200.020.nc,2006241,1,224,464
2026-07-08T23:00:00,data/raw/nldas/NLDAS_FORA0125_H.2.0/2026/189/NLDAS_FORA0125_H.A20260708.2300.020.nc,2006629,1,224,464
2026-07-09T00:00:00,data/raw/nldas/NLDAS_FORA0125_H.2.0/2026/190/NLDAS_FORA0125_H.A20260709.0000.020.nc,1998443,1,224,464
2026-07-09T01:00:00,data/raw/nldas/NLDAS_FORA0125_H.2.0/2026/190/NLDAS_FORA0125_H.A20260709.0100.020.nc,1972431,1,224,464
2026-07-09T02:00:00,data/raw/nldas/NLDAS_FORA0125_H.2.0/2026/190/NLDAS_FORA0125_H.A20260709.0200.020.nc,1899770,1,224,464
2026-07-09T03:00:00,data/raw/nldas/NLDAS_FORA0125_H.2.0/2026/190/NLDAS_FORA0125_H.A20260709.0300.020.nc,1827502,1,224,464
2026-07-09T04:00:00,data/raw/nldas/NLDAS_FORA0125_H.2.0/2026/190/NLDAS_FORA0125_H.A20260709.0400.020.nc,1792846,1,224,464
2026-07-09T05:00:00,data/raw/nldas/NLDAS_FORA0125_H.2.0/2026/190/NLDAS_FORA0125_H.A20260709.0500.020.nc,1780303,1,224,464
2026-07-09T06:00:00,data/raw/nldas/NLDAS_FORA0125_H.2.0/2026/190/NLDAS_FORA0125_H.A20260709.0600.020.nc,1764157,1,224,464
2026-07-09T07:00:00,data/raw/nldas/NLDAS_FORA0125_H.2.0/2026/190/NLDAS_FORA0125_H.A20260709.0700.020.nc,1754785,1,224,464
2026-07-09T08:00:00,data/raw/nldas/NLDAS_FORA0125_H.2.0/2026/190/NLDAS_FORA0125_H.A20260709.0800.020.nc,1754676,1,224,464
2026-07-09T09:00:00,data/raw/nldas/NLDAS_FORA0125_H.2.0/2026/190/NLDAS_FORA0125_H.A20260709.0900.020.nc,1754194,1,224,464
2026-07-09T10:00:00,data/raw/nldas/NLDAS_FORA0125_H.2.0/2026/190/NLDAS_FORA0125_H.A20260709.1000.020.nc,1799124,1,224,464
2026-07-09T11:00:00,data/raw/nldas/NLDAS_FORA0125_H.2.0/2026/190/NLDAS_FORA0125_H.A20260709.1100.020.nc,1856004,1,224,464
2026-07-09T12:00:00,data/raw/nldas/NLDAS_FORA0125_H.2.0/2026/190/NLDAS_FORA0125_H.A20260709.1200.020.nc,1907976,1,224,464
2026-07-09T13:00:00,data/raw/nldas/NLDAS_FORA0125_H.2.0/2026/190/NLDAS_FORA0125_H.A20260709.1300.020.nc,1961576,1,224,464
2026-07-09T14:00:00,data/raw/nldas/NLDAS_FORA0125_H.2.0/2026/190/NLDAS_FORA0125_H.A20260709.1400.020.nc,1957821,1,224,464
2026-07-09T15:00:00,data/raw/nldas/NLDAS_FORA0125_H.2.0/2026/190/NLDAS_FORA0125_H.A20260709.1500.020.nc,1953238,1,224,464
2026-07-09T16:00:00,data/raw/nldas/NLDAS_FORA0125_H.2.0/2026/190/NLDAS_FORA0125_H.A20260709.1600.020.nc,1939025,1,224,464
2026-07-09T17:00:00,data/raw/nldas/NLDAS_FORA0125_H.2.0/2026/190/NLDAS_FORA0125_H.A20260709.1700.020.nc,1939124,1,224,464
2026-07-09T18:00:00,data/raw/nldas/NLDAS_FORA0125_H.2.0/2026/190/NLDAS_FORA0125_H.A20260709.1800.020.nc,1953011,1,224,464
2026-07-09T19:00:00,data/raw/nldas/NLDAS_FORA0125_H.2.0/2026/190/NLDAS_FORA0125_H.A20260709.1900.020.nc,1972304,1,224,464
2026-07-09T20:00:00,data/raw/nldas/NLDAS_FORA0125_H.2.0/2026/190/NLDAS_FORA0125_H.A20260709.2000.020.nc,1984111,1,224,464
2026-07-09T21:00:00,data/raw/nldas/NLDAS_FORA0125_H.2.0/2026/190/NLDAS_FORA0125_H.A20260709.2100.020.nc,1993677,1,224,464
2026-07-09T22:00:00,data/raw/nldas/NLDAS_FORA0125_H.2.0/2026/190/NLDAS_FORA0125_H.A20260709.2200.020.nc,2012108,1,224,464
2026-07-09T23:00:00,data/raw/nldas/NLDAS_FORA0125_H.2.0/2026/190/NLDAS_FORA0125_H.A20260709.2300.020.nc,2016571,1,224,464
2026-07-10T00:00:00,data/raw/nldas/NLDAS_FORA0125_H.2.0/2026/191/NLDAS_FORA0125_H.A20260710.0000.020.nc,2015770,1,224,464
2026-07-10T01:00:00,data/raw/nldas/NLDAS_FORA0125_H.2.0/2026/191/NLDAS_FORA0125_H.A20260710.0100.020.nc,1991970,1,224,464
2026-07-10T02:00:00,data/raw/nldas/NLDAS_FORA0125_H.2.0/2026/191/NLDAS_FORA0125_H.A20260710.0200.020.nc,1916351,1,224,464
2026-07-10T03:00:00,data/raw/nldas/NLDAS_FORA0125_H.2.0/2026/191/NLDAS_FORA0125_H.A20260710.0300.020.nc,1840052,1,224,464
2026-07-10T04:00:00,data/raw/nldas/NLDAS_FORA0125_H.2.0/2026/191/NLDAS_FORA0125_H.A20260710.0400.020.nc,1794699,1,224,464
2026-07-10T05:00:00,data/raw/nldas/NLDAS_FORA0125_H.2.0/2026/191/NLDAS_FORA0125_H.A20260710.0500.020.nc,1781657,1,224,464
2026-07-10T06:00:00,data/raw/nldas/NLDAS_FORA0125_H.2.0/2026/191/NLDAS_FORA0125_H.A20260710.0600.020.nc,1768535,1,224,464
2026-07-10T07:00:00,data/raw/nldas/NLDAS_FORA0125_H.2.0/2026/191/NLDAS_FORA0125_H.A20260710.0700.020.nc,1757645,1,224,464
2026-07-10T08:00:00,data/raw/nldas/NLDAS_FORA0125_H.2.0/2026/191/NLDAS_FORA0125_H.A20260710.0800.020.nc,1757448,1,224,464
2026-07-10T09:00:00,data/raw/nldas/NLDAS_FORA0125_H.2.0/2026/191/NLDAS_FORA0125_H.A20260710.0900.020.nc,1754201,1,224,464
2026-07-10T10:00:00,data/raw/nldas/NLDAS_FORA0125_H.2.0/2026/191/NLDAS_FORA0125_H.A20260710.1000.020.nc,1785001,1,224,464
2026-07-10T11:00:00,data/raw/nldas/NLDAS_FORA0125_H.2.0/2026/191/NLDAS_FORA0125_H.A20260710.1100.020.nc,1841691,1,224,464
2026-07-10T12:00:00,data/raw/nldas/NLDAS_FORA0125_H.2.0/2026/191/NLDAS_FORA0125_H.A20260710.1200.020.nc,1894872,1,224,464
2026-07-10T13:00:00,data/raw/nldas/NLDAS_FORA0125_H.2.0/2026/191/NLDAS_FORA0125_H.A20260710.1300.020.nc,1944104,1,224,464
2026-07-10T14:00:00,data/raw/nldas/NLDAS_FORA0125_H.2.0/2026/191/NLDAS_FORA0125_H.A20260710.1400.020.nc,1936843,1,224,464
2026-07-10T15:00:00,data/raw/nldas/NLDAS_FORA0125_H.2.0/2026/191/NLDAS_FORA0125_H.A20260710.1500.020.nc,1932632,1,224,464
2026-07-10T16:00:00,data/raw/nldas/NLDAS_FORA0125_H.2.0/2026/191/NLDAS_FORA0125_H.A20260710.1600.020.nc,1924420,1,224,464
2026-07-10T17:00:00,data/raw/nldas/NLDAS_FORA0125_H.2.0/2026/191/NLDAS_FORA0125_H.A20260710.1700.020.nc,1935316,1,224,464
2026-07-10T18:00:00,data/raw/nldas/NLDAS_FORA0125_H.2.0/2026/191/NLDAS_FORA0125_H.A20260710.1800.020.nc,1943776,1,224,464
2026-07-10T19:00:00,data/raw/nldas/NLDAS_FORA0125_H.2.0/2026/191/NLDAS_FORA0125_H.A20260710.1900.020.nc,1955830,1,224,464
2026-07-10T20:00:00,data/raw/nldas/NLDAS_FORA0125_H.2.0/2026/191/NLDAS_FORA0125_H.A20260710.2000.020.nc,1961341,1,224,464
2026-07-10T21:00:00,data/raw/nldas/NLDAS_FORA0125_H.2.0/2026/191/NLDAS_FORA0125_H.A20260710.2100.020.nc,1962643,1,224,464
2026-07-10T22:00:00,data/raw/nldas/NLDAS_FORA0125_H.2.0/2026/191/NLDAS_FORA0125_H.A20260710.2200.020.nc,1976673,1,224,464
2026-07-10T23:00:00,data/raw/nldas/NLDAS_FORA0125_H.2.0/2026/191/NLDAS_FORA0125_H.A20260710.2300.020.nc,1977058,1,224,464
2026-07-11T00:00:00,data/raw/nldas/NLDAS_FORA0125_H.2.0/2026/192/NLDAS_FORA0125_H.A20260711.0000.020.nc,1974658,1,224,464
2026-07-11T01:00:00,data/raw/nldas/NLDAS_FORA0125_H.2.0/2026/192/NLDAS_FORA0125_H.A20260711.0100.020.nc,1945133,1,224,464
2026-07-11T02:00:00,data/raw/nldas/NLDAS_FORA0125_H.2.0/2026/192/NLDAS_FORA0125_H.A20260711.0200.020.nc,1871158,1,224,464
2026-07-11T03:00:00,data/raw/nldas/NLDAS_FORA0125_H.2.0/2026/192/NLDAS_FORA0125_H.A20260711.0300.020.nc,1793189,1,224,464
2026-07-11T04:00:00,data/raw/nldas/NLDAS_FORA0125_H.2.0/2026/192/NLDAS_FORA0125_H.A20260711.0400.020.nc,1753936,1,224,464
2026-07-11T05:00:00,data/raw/nldas/NLDAS_FORA0125_H.2.0/2026/192/NLDAS_FORA0125_H.A20260711.0500.020.nc,1744985,1,224,464
2026-07-11T06:00:00,data/raw/nldas/NLDAS_FORA0125_H.2.0/2026/192/NLDAS_FORA0125_H.A20260711.0600.020.nc,1733195,1,224,464
2026-07-11T07:00:00,data/raw/nldas/NLDAS_FORA0125_H.2.0/2026/192/NLDAS_FORA0125_H.A20260711.0700.020.nc,1725273,1,224,464
2026-07-11T08:00:00,data/raw/nldas/NLDAS_FORA0125_H.2.0/2026/192/NLDAS_FORA0125_H.A20260711.0800.020.nc,1723494,1,224,464
2026-07-11T09:00:00,data/raw/nldas/NLDAS_FORA0125_H.2.0/2026/192/NLDAS_FORA0125_H.A20260711.0900.020.nc,1715686,1,224,464
2026-07-11T10:00:00,data/raw/nldas/NLDAS_FORA0125_H.2.0/2026/192/NLDAS_FORA0125_H.A20260711.1000.020.nc,1759628,1,224,464
2026-07-11T11:00:00,data/raw/nldas/NLDAS_FORA0125_H.2.0/2026/192/NLDAS_FORA0125_H.A20260711.1100.020.nc,1816513,1,224,464
2026-07-11T12:00:00,data/raw/nldas/NLDAS_FORA0125_H.2.0/2026/192/NLDAS_FORA0125_H.A20260711.1200.020.nc,1869563,1,224,464
2026-07-11T13:00:00,data/raw/nldas/NLDAS_FORA0125_H.2.0/2026/192/NLDAS_FORA0125_H.A20260711.1300.020.nc,1942688,1,224,464
2026-07-11T14:00:00,data/raw/nldas/NLDAS_FORA0125_H.2.0/2026/192/NLDAS_FORA0125_H.A20260711.1400.020.nc,1937949,1,224,464
2026-07-11T15:00:00,data/raw/nldas/NLDAS_FORA0125_H.2.0/2026/192/NLDAS_FORA0125_H.A20260711.1500.020.nc,1938721,1,224,464
2026-07-11T16:00:00,data/raw/nldas/NLDAS_FORA0125_H.2.0/2026/192/NLDAS_FORA0125_H.A20260711.1600.020.nc,1930446,1,224,464
2026-07-11T17:00:00,data/raw/nldas/NLDAS_FORA0125_H.2.0/2026/192/NLDAS_FORA0125_H.A20260711.1700.020.nc,1935029,1,224,464
2026-07-11T18:00:00,data/raw/nldas/NLDAS_FORA0125_H.2.0/2026/192/NLDAS_FORA0125_H.A20260711.1800.020.nc,1943636,1,224,464
2026-07-11T19:00:00,data/raw/nldas/NLDAS_FORA0125_H.2.0/2026/192/NLDAS_FORA0125_H.A20260711.1900.020.nc,1949671,1,224,464
2026-07-11T20:00:00,data/raw/nldas/NLDAS_FORA0125_H.2.0/2026/192/NLDAS_FORA0125_H.A20260711.2000.020.nc,1954223,1,224,464
2026-07-11T21:00:00,data/raw/nldas/NLDAS_FORA0125_H.2.0/2026/192/NLDAS_FORA0125_H.A20260711.2100.020.nc,1964302,1,224,464
2026-07-11T22:00:00,data/raw/nldas/NLDAS_FORA0125_H.2.0/2026/192/NLDAS_FORA0125_H.A20260711.2200.020.nc,1976591,1,224,464
2026-07-11T23:00:00,data/raw/nldas/NLDAS_FORA0125_H.2.0/2026/192/NLDAS_FORA0125_H.A20260711.2300.020.nc,1978324,1,224,464
